Estacao,N. Lab.,Long (X),Lat (Y),Laboratorio,Cod analise,Tipo de amostra,As (PPM),Bi (PPM)
AF-0001,CCG 526,-51.7415,-7.818125,Acme,ICP14B/1F04,Sed. Cor.,87.1,0.23
AF-0002,CCG 527,-51.6361,-7.818652,Acme,ICP14B/1F04,Sed. Cor.,8.2,0.3
AF-0003,CCG 528,-51.6022,-7.819025,Acme,ICP14B/1F04,Sed. Cor.,39.5,0.22
AF-0004,CCG 529,-50.863,-7.821782,Acme,ICP14B/1F04,Sed. Cor.,33.4,0.37
AF-0005,CCG 530,-50.7501,-7.822875,Acme,ICP14B/1F04,Sed. Cor.,34.2,0.46
AF-0006,CCG 531,-52.3999,-7.801296,Acme,ICP14B/1F04,Sed. Cor.,2.4,0.1
AF-0007,CCG 532,-51.3125,-7.800288,Acme,ICP14B/1F04,Sed. Cor.,1.7,0.11
AF-0008,CCG 533,-50.7123,-7.820764,Acme,ICP14B/1F04,Sed. Cor.,23.8,0.22
AF-0009,CCG 534,-50.7417,-7.822059,Acme,ICP14B/1F04,Sed. Cor.,19.3,0.18
AF-0010A,CCG 535,-50.0134,-7.818056,Acme,ICP14B/1F04,Sed. Cor.,0.7,0.39
AF-0010B,CCH135,-50.0134,-7.818056,Acme,ICP14B/1F04,Sed. Cor.,0.5,0.37
AF-0011,CCG 536,-50.272,-7.820125,Acme,ICP14B/1F04,Sed. Cor.,0.8,0.2
AF-0012,CCG 537,-50.3618,-7.819666,Acme,ICP14B/1F04,Sed. Cor.,2.4,0.61
AF-0013,CCG 538,-50.5361,-7.82277,Acme,ICP14B/1F04,Sed. Cor.,1.8,0.09
AF-0014,CCG 539,-50.303,-7.824113,Acme,ICP14B/1F04,Sed. Cor.,3.2,0.18
AF-0015,CCG 540,-50.1012,-7.83689,Acme,ICP14B/1F04,Sed. Cor.,23.1,0.22
AF-0016,CCG 541,-50.1977,-7.825832,Acme,ICP14B/1F04,Sed. Cor.,1.3,0.31
AF-0017,CCG 542,-50.1066,-7.833104,Acme,ICP14B/1F04,Sed. Cor.,24.7,0.62
AF-0018,CCG 543,-50.1754,-7.828976,Acme,ICP14B/1F04,Sed. Cor.,21.8,0.08
AF-0019,CCG 544,-50.3083,-7.825903,Acme,ICP14B/1F04,Sed. Cor.,49,0.18
AF-0020A,CCG 545,-50.7612,-7.825165,Acme,ICP14B/1F04,Sed. Cor.,21.2,0.47
AF-0020B,CCH136,-50.7612,-7.825165,Acme,ICP14B/1F04,Sed. Cor.,21.9,0.47
AF-0021,CCG 546,-50.7094,-7.83156,Acme,ICP14B/1F04,Sed. Cor.,22,0.47
AF-0022,CCG 547,-50.0955,-7.839289,Acme,ICP14B/1F04,Sed. Cor.,7.1,0.17
AF-0023,CCG 548,-51.5144,-7.818168,Acme,ICP14B/1F04,Sed. Cor.,178.5,0.43
AF-0024,CCG 549,-51.7401,-7.817122,Acme,ICP14B/1F04,Sed. Cor.,9,0.22
AF-0025,CCG 550,-51.2361,-7.815984,Acme,ICP14B/1F04,Sed. Cor.,10.5,0.21
AF-0026,CCG 551,-50.4692,-7.841155,Acme,ICP14B/1F04,Sed. Cor.,1.6,0.39
AF-0027,CCG 552,-50.4971,-7.838773,Acme,ICP14B/1F04,Sed. Cor.,24.4,0.37
AF-0028,CCG 553,-50.6134,-7.83634,Acme,ICP14B/1F04,Sed. Cor.,10.4,0.35
AF-0029,CCG 554,-51.0907,-7.829223,Acme,ICP14B/1F04,Sed. Cor.,32.5,0.53
AF-0030A,CCG 555,-51.2285,-7.828731,Acme,ICP14B/1F04,Sed. Cor.,21.4,0.42
AF-0030B,CCH137,-51.2285,-7.828731,Acme,ICP14B/1F04,Sed. Cor.,19.4,0.43
AF-0031,CCG 556,-50.9561,-7.834351,Acme,ICP14B/1F04,Sed. Cor.,17.1,0.4
AF-0032,CCG 557,-50.812,-7.831164,Acme,ICP14B/1F04,Sed. Cor.,12.1,0.39
AF-0033,CCG 558,-50.7505,-7.835048,Acme,ICP14B/1F04,Sed. Cor.,20.9,0.5
AF-0034,CCG 559,-50.4838,-7.838268,Acme,ICP14B/1F04,Sed. Cor.,34.3,0.33
AF-0035,CCG 560,-51.5151,-7.820194,Acme,ICP14B/1F04,Sed. Cor.,55,0.26
AF-0036,CCG 561,-51.556,-7.822887,Acme,ICP14B/1F04,Sed. Cor.,37.8,0.37
AF-0037,CCG 562,-51.586,-7.824081,Acme,ICP14B/1F04,Sed. Cor.,16,0.24
AF-0038,CCG 563,-51.6837,-7.830574,Acme,ICP14B/1F04,Sed. Cor.,4.7,0.29
AF-0039,CCG 564,-51.6106,-7.830927,Acme,ICP14B/1F04,Sed. Cor.,16.2,0.39
AF-0040A,CCG 565,-51.8686,-7.831583,Acme,ICP14B/1F04,Sed. Cor.,16.2,0.26
AF-0040B,CCH138,-51.8686,-7.831583,Acme,ICP14B/1F04,Sed. Cor.,14.9,0.27
AF-0041,CCG 566,-51.8646,-7.833205,Acme,ICP14B/1F04,Sed. Cor.,77.6,0.29
AF-0042,CCG 567,-51.9362,-7.830055,Acme,ICP14B/1F04,Sed. Cor.,10.8,0.3
AF-0043,CCG 568,-52.001,-7.830749,Acme,ICP14B/1F04,Sed. Cor.,16.9,0.26
AF-0044,CCG 569,-51.5579,-7.832715,Acme,ICP14B/1F04,Sed. Cor.,9.4,0.26
AF-0045,CCG 570,-52.0839,-7.81952,Acme,ICP14B/1F04,Sed. Cor.,51.1,0.32
AF-0046,CCG 571,-52.0619,-7.82094,Acme,ICP14B/1F04,Sed. Cor.,10.6,0.18
AF-0047,CCG 572,-52.0534,-7.821966,Acme,ICP14B/1F04,Sed. Cor.,14.4,0.21
AF-0048,CCG 573,-50.0636,-7.82992,Acme,ICP14B/1F04,Sed. Cor.,0.8,0.35
AF-0049,CCG 574,-51.728,-7.834625,Acme,ICP14B/1F04,Sed. Cor.,11.9,0.18
AF-0050A,CCG 575,-51.6363,-7.835392,Acme,ICP14B/1F04,Sed. Cor.,21.6,0.32
AF-0050B,CCH139,-51.6363,-7.835392,Acme,ICP14B/1F04,Sed. Cor.,21,0.3
AF-0051,CCG 576,-51.3706,-7.837009,Acme,ICP14B/1F04,Sed. Cor.,16.6,0.35
AF-0052,CCG 577,-51.406,-7.839472,Acme,ICP14B/1F04,Sed. Cor.,18.7,0.26
AF-0053,CCG 578,-51.2447,-7.841222,Acme,ICP14B/1F04,Sed. Cor.,17.3,0.3
AF-0054,CCG 579,-51.0668,-7.842829,Acme,ICP14B/1F04,Sed. Cor.,9.4,0.29
AF-0055,CCG 580,-52.2969,-7.843915,Acme,ICP14B/1F04,Sed. Cor.,24,0.39
AF-0056,CCG 581,-51.3936,-7.841205,Acme,ICP14B/1F04,Sed. Cor.,23.6,0.27
AF-0057,CCG 582,-51.7396,-7.840917,Acme,ICP14B/1F04,Sed. Cor.,12.6,0.27
AF-0058,CCG 583,-52.1491,-7.839331,Acme,ICP14B/1F04,Sed. Cor.,22.5,0.2
AF-0059,CCG 584,-52.1479,-7.839204,Acme,ICP14B/1F04,Sed. Cor.,9.7,0.32
AF-0060A,CCG 585,-52.0875,-7.838571,Acme,ICP14B/1F04,Sed. Cor.,21.6,0.33
AF-0060B,CCH140,-52.0875,-7.838571,Acme,ICP14B/1F04,Sed. Cor.,18.6,0.3
AF-0061,CCG 586,-51.1342,-7.838628,Acme,ICP14B/1F04,Sed. Cor.,21.7,0.44
AF-0062,CCG 587,-52.1814,-7.832328,Acme,ICP14B/1F04,Sed. Cor.,4.4,0.25
AF-0063,CCG 588,-52.2608,-7.831467,Acme,ICP14B/1F04,Sed. Cor.,15.7,0.29
AF-0064,CCG 589,-52.3035,-7.830389,Acme,ICP14B/1F04,Sed. Cor.,8.7,0.39
AF-0065,CCG 590,-52.5631,-7.826628,Acme,ICP14B/1F04,Sed. Cor.,4.5,0.45
AF-0066,CCG 591,-52.4741,-7.827361,Acme,ICP14B/1F04,Sed. Cor.,16.6,0.49
AF-0067,CCG 592,-52.5833,-7.836822,Acme,ICP14B/1F04,Sed. Cor.,9.2,1.82
AF-0068,CCG 593,-52.4458,-7.829638,Acme,ICP14B/1F04,Sed. Cor.,4.7,0.28
AF-0069,CCG 594,-50.6046,-7.820959,Acme,ICP14B/1F04,Sed. Cor.,23.8,0.18
AF-0070A,CCG 595,-51.035,-7.819103,Acme,ICP14B/1F04,Sed. Cor.,70.3,0.12
AF-0070B,CCH141,-51.035,-7.819103,Acme,ICP14B/1F04,Sed. Cor.,65.4,0.11
AF-0071,CCG 596,-52.0067,-7.829011,Acme,ICP14B/1F04,Sed. Cor.,43.7,0.24
AF-0072,CCG 597,-51.9607,-7.829054,Acme,ICP14B/1F04,Sed. Cor.,13.2,0.28
AF-0073,CCG 598,-52.0871,-7.829597,Acme,ICP14B/1F04,Sed. Cor.,25.2,0.29
AF-0074,CCG 599,-52.1183,-7.829606,Acme,ICP14B/1F04,Sed. Cor.,41.9,0.33
AF-0075,CCG 600,-52.4968,-7.837233,Acme,ICP14B/1F04,Sed. Cor.,13.5,0.39
AF-0076,CCG 601,-52.6338,-7.835569,Acme,ICP14B/1F04,Sed. Cor.,4,0.32
AF-0077,CCG 602,-52.6026,-7.835462,Acme,ICP14B/1F04,Sed. Cor.,12.3,0.2
AF-0078,CCG 603,-52.7744,-7.815351,Acme,ICP14B/1F04,Sed. Cor.,19.9,0.25
AF-0079,CCG 604,-52.7471,-7.812703,Acme,ICP14B/1F04,Sed. Cor.,16.2,0.21
AF-0080A,CCG 605,-52.6928,-7.811905,Acme,ICP14B/1F04,Sed. Cor.,3.5,0.28
AF-0080B,CCH142,-52.6928,-7.811905,Acme,ICP14B/1F04,Sed. Cor.,3.5,0.36
AF-0081,CCG 606,-52.8521,-7.812066,Acme,ICP14B/1F04,Sed. Cor.,23.5,0.2
AF-0082,CCG 607,-52.9047,-7.811397,Acme,ICP14B/1F04,Sed. Cor.,2.5,0.58
AF-0083,CCG 608,-53.3605,-7.814645,Acme,ICP14B/1F04,Sed. Cor.,2.6,1.94
AF-0084,CCG 609,-53.305,-7.815279,Acme,ICP14B/1F04,Sed. Cor.,8.6,0.16
AF-0085,CCG 610,-53.5228,-7.811336,Acme,ICP14B/1F04,Sed. Cor.,0.4,0.46
AF-0086,CCG 611,-53.7137,-7.810392,Acme,ICP14B/1F04,Sed. Cor.,0.8,0.37
AF-0087,CCG 612,-53.6874,-7.808808,Acme,ICP14B/1F04,Sed. Cor.,8.7,1.23
AF-0088,CCG 613,-53.7618,-7.807948,Acme,ICP14B/1F04,Sed. Cor.,6.4,0.4
AF-0089,CCG 614,-53.8623,-7.807732,Acme,ICP14B/1F04,Sed. Cor.,8.1,0.88
AF-0090A,CCG 615,-53.946,-7.80799,Acme,ICP14B/1F04,Sed. Cor.,7.9,1.29
AF-0090B,CCH143,-53.946,-7.80799,Acme,ICP14B/1F04,Sed. Cor.,8.3,1.49
AF-0091,CCG 616,-53.7894,-7.813991,Acme,ICP14B/1F04,Sed. Cor.,8.2,0.25
AF-0092,CCG 617,-53.8279,-7.81285,Acme,ICP14B/1F04,Sed. Cor.,2,0.33
AF-0093,CCG 618,-54.1256,-7.806564,Acme,ICP14B/1F04,Sed. Cor.,6,0.41
AF-0094,CCG 619,-53.7608,-7.8016,Acme,ICP14B/1F04,Sed. Cor.,2.1,0.28
AF-0095,CCG 620,-53.1088,-7.791993,Acme,ICP14B/1F04,Sed. Cor.,0.4,0.05
AF-0096,CCG 621,-53.3559,-7.789763,Acme,ICP14B/1F04,Sed. Cor.,0.7,0.1
AF-0097,CCG 622,-53.5647,-7.792807,Acme,ICP14B/1F04,Sed. Cor.,0.3,0.08
AF-0098,CCG 623,-54.0235,-7.790877,Acme,ICP14B/1F04,Sed. Cor.,0.1,0.1
AF-0099,CCG 624,-53.815,-7.791478,Acme,ICP14B/1F04,Sed. Cor.,0.1,0.04
AF-0100A,CCG 625,-52.9384,-7.789526,Acme,ICP14B/1F04,Sed. Cor.,1,0.06
AF-0100B,CCH144,-52.9384,-7.789526,Acme,ICP14B/1F04,Sed. Cor.,0.7,0.06
ED-0001,CCG 626,-53.65,-7.8355,Acme,ICP14B/1F04,Sed. Cor.,0.8,0.2
ED-0002,CCG 627,-53.58,-7.834614,Acme,ICP14B/1F04,Sed. Cor.,0.1,0.14
ED-0003,CCG 628,-53.5694,-7.835553,Acme,ICP14B/1F04,Sed. Cor.,1.5,0.18
ED-0004,CCG 629,-53.62,-7.8304,Acme,ICP14B/1F04,Sed. Cor.,3.5,0.57
ED-0005,CCG 630,-53.417,-7.84069,Acme,ICP14B/1F04,Sed. Cor.,0.1,0.15
ED-0006,CCG 631,-53.1403,-7.840745,Acme,ICP14B/1F04,Sed. Cor.,0.8,0.49
ED-0007,CCG 632,-52.827,-7.84207,Acme,ICP14B/1F04,Sed. Cor.,1,0.29
ED-0008,CCG 633,-52.7294,-7.842066,Acme,ICP14B/1F04,Sed. Cor.,0.7,0.18
ED-0009,CCG 634,-54.2724,-7.843506,Acme,ICP14B/1F04,Sed. Cor.,0.7,0.18
ED-0010A,CCG 635,-54.0506,-7.841856,Acme,ICP14B/1F04,Sed. Cor.,1.2,0.1
ED-0010B,CCH145,-54.0506,-7.841856,Acme,ICP14B/1F04,Sed. Cor.,1.7,0.15
ED-0011,CCG 636,-52.733,-7.840164,Acme,ICP14B/1F04,Sed. Cor.,4.7,0.32
ED-0012,CCG 637,-53.5752,-7.839003,Acme,ICP14B/1F04,Sed. Cor.,2.1,0.27
ED-0013,CCG 638,-53.8632,-7.839866,Acme,ICP14B/1F04,Sed. Cor.,0.1,0.42
ED-0014,CCG 639,-54.1422,-7.839115,Acme,ICP14B/1F04,Sed. Cor.,1,0.25
ED-0015,CCG 640,-54.0409,-7.838062,Acme,ICP14B/1F04,Sed. Cor.,0.1,0.43
ED-0016,CCG 641,-53.9639,-7.834782,Acme,ICP14B/1F04,Sed. Cor.,0.1,0.15
ED-0017,CCG 642,-53.8667,-7.835929,Acme,ICP14B/1F04,Sed. Cor.,1.3,0.23
ED-0018,CCG 643,-54.1717,-7.824809,Acme,ICP14B/1F04,Sed. Cor.,1.1,0.48
ED-0019,CCG 644,-54.1486,-7.825002,Acme,ICP14B/1F04,Sed. Cor.,2,0.1
ED-0020A,CCG 645,-54.0677,-7.826042,Acme,ICP14B/1F04,Sed. Cor.,3.1,0.14
ED-0020B,CCH146,-54.0677,-7.826042,Acme,ICP14B/1F04,Sed. Cor.,2.7,0.14
JH-0001,CCG 646,-50.8068,-7.790625,Acme,ICP14B/1F04,Sed. Cor.,1,0.07
JH-0002,CCG 647,-50.7555,-7.790292,Acme,ICP14B/1F04,Sed. Cor.,0.4,0.04
JH-0003,CCG 648,-50.7513,-7.790318,Acme,ICP14B/1F04,Sed. Cor.,1,0.04
JH-0004,CCG 649,-50.706,-7.790164,Acme,ICP14B/1F04,Sed. Cor.,0.4,0.05
JH-0005,CCG 650,-50.6585,-7.79045,Acme,ICP14B/1F04,Sed. Cor.,0.2,0.05
JH-0006,CCG 651,-50.6039,-7.790374,Acme,ICP14B/1F04,Sed. Cor.,1,0.03
JH-0007,CCG 652,-50.7025,-7.79035,Acme,ICP14B/1F04,Sed. Cor.,0.1,0.03
JH-0008,CCG 653,-50.6977,-7.789669,Acme,ICP14B/1F04,Sed. Cor.,0.9,0.07
JH-0009,CCG 654,-50.6643,-7.789133,Acme,ICP14B/1F04,Sed. Cor.,0.8,0.16
JH-0010A,CCG 655,-50.6248,-7.788589,Acme,ICP14B/1F04,Sed. Cor.,0.2,0.04
JH-0010B,CCH147,-50.6248,-7.788589,Acme,ICP14B/1F04,Sed. Cor.,0.8,0.04
JH-0011,CCG 656,-50.6906,-7.789343,Acme,ICP14B/1F04,Sed. Cor.,1.4,0.14
JH-0012,CCG 657,-50.6966,-7.78901,Acme,ICP14B/1F04,Sed. Cor.,0.6,0.06
JH-0013,CCG 658,-50.7463,-7.78964,Acme,ICP14B/1F04,Sed. Cor.,1,0.1
LR-0001,CCG 659,-52.9121,-7.827369,Acme,ICP14B/1F04,Sed. Cor.,10.3,0.27
LR-0002,CCG 660,-53.0495,-7.826238,Acme,ICP14B/1F04,Sed. Cor.,10.5,0.28
LR-0003,CCG 661,-52.6414,-7.830347,Acme,ICP14B/1F04,Sed. Cor.,29.3,0.28
LR-0004,CCG 662,-52.6394,-7.830198,Acme,ICP14B/1F04,Sed. Cor.,8.8,0.27
LR-0005,CCG 663,-53.366,-7.830251,Acme,ICP14B/1F04,Sed. Cor.,27.4,0.08
LR-0006,CCG 664,-52.8031,-7.835113,Acme,ICP14B/1F04,Sed. Cor.,4.8,0.19
LR-0007,CCG 665,-52.6096,-7.836052,Acme,ICP14B/1F04,Sed. Cor.,9.7,0.55
LR-0008,CCG 666,-53.3982,-7.833066,Acme,ICP14B/1F04,Sed. Cor.,0.4,0.15
LR-0010A,CCG 667,-54.8367,-7.840558,Acme,ICP14B/1F04,Sed. Cor.,1.3,0.1
LR-0010B,CCH148,-54.8367,-7.840558,Acme,ICP14B/1F04,Sed. Cor.,1,0.1
LR-0011,CCG 668,-55.0025,-7.838711,Acme,ICP14B/1F04,Sed. Cor.,1,0.06
LR-0012,CCG 669,-54.7153,-7.835806,Acme,ICP14B/1F04,Sed. Cor.,1.3,0.09
LR-0013,CCG 670,-54.19,-7.832503,Acme,ICP14B/1F04,Sed. Cor.,0.9,0.08
LR-0014,CCG 671,-55.0238,-7.832984,Acme,ICP14B/1F04,Sed. Cor.,1,0.1
LR-0015,CCG 672,-54.4517,-7.836043,Acme,ICP14B/1F04,Sed. Cor.,1.8,0.09
LR-0016,CCG 673,-54.4152,-7.830126,Acme,ICP14B/1F04,Sed. Cor.,0.7,0.31
LR-0017,CCG 674,-54.6212,-7.831365,Acme,ICP14B/1F04,Sed. Cor.,0.6,0.08
LR-0018,CCG 675,-54.7969,-7.830555,Acme,ICP14B/1F04,Sed. Cor.,1.9,0.28
LR-0019,CCG 676,-53.9985,-7.82795,Acme,ICP14B/1F04,Sed. Cor.,0.6,0.51
LR-0020A,CCG 677,-54.2804,-7.82812,Acme,ICP14B/1F04,Sed. Cor.,1.7,0.64
LR-0020B,CCH149,-54.2804,-7.82812,Acme,ICP14B/1F04,Sed. Cor.,0.5,0.56
LR-0021,CCG 678,-54.2896,-7.826979,Acme,ICP14B/1F04,Sed. Cor.,2.8,1.59
LR-0022,CCG 679,-54.3888,-7.828355,Acme,ICP14B/1F04,Sed. Cor.,0.9,0.28
LR-0023,CCG 680,-54.5295,-7.82044,Acme,ICP14B/1F04,Sed. Cor.,2.1,0.37
LR-0024,CCG 681,-55.0107,-7.820459,Acme,ICP14B/1F04,Sed. Cor.,1.9,0.42
LR-0025,CCG 682,-55.1648,-7.824827,Acme,ICP14B/1F04,Sed. Cor.,1.4,0.83
LR-0026,CCG 683,-55.0844,-7.825483,Acme,ICP14B/1F04,Sed. Cor.,1.4,1.01
LR-0027,CCG 684,-55.1162,-7.826631,Acme,ICP14B/1F04,Sed. Cor.,4.3,0.22
LR-0028,CCG 685,-54.021,-7.820315,Acme,ICP14B/1F04,Sed. Cor.,11.5,0.27
LR-0030A,CCG 686,-55.1187,-7.817148,Acme,ICP14B/1F04,Sed. Cor.,0.3,0.3
LR-0030B,CCH150,-55.1187,-7.817148,Acme,ICP14B/1F04,Sed. Cor.,0.1,0.42
LR-0031,CCG 687,-55.0062,-7.816657,Acme,ICP14B/1F04,Sed. Cor.,0.1,0.13
LR-0032,CCG 688,-54.8121,-7.818898,Acme,ICP14B/1F04,Sed. Cor.,1.5,0.55
LR-0033,CCG 689,-54.799,-7.819426,Acme,ICP14B/1F04,Sed. Cor.,4.5,0.59
LR-0034,CCG 690,-54.4441,-7.817961,Acme,ICP14B/1F04,Sed. Cor.,1.7,0.21
LR-0035,CCG 691,-54.208,-7.819041,Acme,ICP14B/1F04,Sed. Cor.,5,0.29
LR-0036,CCG 692,-53.9997,-7.823677,Acme,ICP14B/1F04,Sed. Cor.,4.7,0.16
LR-0037,CCG 693,-53.5892,-7.822725,Acme,ICP14B/1F04,Sed. Cor.,27.5,0.23
LR-0038,CCG 694,-53.4964,-7.818531,Acme,ICP14B/1F04,Sed. Cor.,13.9,0.14
LR-0039,CCG 695,-53.1845,-7.816846,Acme,ICP14B/1F04,Sed. Cor.,4.8,0.11
LR-0040A,CCG 696,-53.2265,-7.816693,Acme,ICP14B/1F04,Sed. Cor.,12.7,0.12
LR-0040B,CCH151,-53.2265,-7.816693,Acme,ICP14B/1F04,Sed. Cor.,13.1,0.13
LR-0041,CCG 697,-53.1258,-7.820111,Acme,ICP14B/1F04,Sed. Cor.,19.3,0.12
LR-0042,CCG 698,-52.5778,-7.817808,Acme,ICP14B/1F04,Sed. Cor.,22.1,0.2
LR-0043,CCG 699,-54.7496,-7.815148,Acme,ICP14B/1F04,Sed. Cor.,0.1,0.14
LR-0044,CCG 700,-54.9395,-7.812306,Acme,ICP14B/1F04,Sed. Cor.,0.9,0.2
LR-0045,CCG 701,-54.8612,-7.811048,Acme,ICP14B/1F04,Sed. Cor.,1,0.29
LR-0046,CCG 702,-54.9696,-7.807182,Acme,ICP14B/1F04,Sed. Cor.,2.7,1.33
LR-0047,CCG 703,-54.4025,-7.799781,Acme,ICP14B/1F04,Sed. Cor.,3.3,4.21
LR-0048,CCG 704,-54.4764,-7.800496,Acme,ICP14B/1F04,Sed. Cor.,2.9,0.77
LR-0049,CCG 705,-54.8499,-7.7997,Acme,ICP14B/1F04,Sed. Cor.,3.1,0.75
LR-0050A,CCG 706,-53.1984,-7.817233,Acme,ICP14B/1F04,Sed. Cor.,4.7,0.11
LR-0050B,CCH152,-53.1984,-7.817233,Acme,ICP14B/1F04,Sed. Cor.,5.1,0.11
LR-0051,CCG 707,-53.0635,-7.819996,Acme,ICP14B/1F04,Sed. Cor.,9.1,0.11
LR-0052,CCG 708,-52.5583,-7.818165,Acme,ICP14B/1F04,Sed. Cor.,25.1,0.28
LR-0053,CCG 709,-52.5688,-7.818218,Acme,ICP14B/1F04,Sed. Cor.,29.6,0.2
LR-0054,CCG 710,-55.2097,-7.796112,Acme,ICP14B/1F04,Sed. Cor.,1.1,0.38
LR-0055,CCG 711,-54.8777,-7.795821,Acme,ICP14B/1F04,Sed. Cor.,0.6,0.57
LR-0056,CCG 712,-55.1442,-7.789993,Acme,ICP14B/1F04,Sed. Cor.,0.2,0.58
LR-0057,CCG 713,-55.1495,-7.789779,Acme,ICP14B/1F04,Sed. Cor.,1,0.54
LR-0058,CCG 714,-54.6635,-7.797223,Acme,ICP14B/1F04,Sed. Cor.,0.7,1
LR-0059,CCG 715,-54.1026,-7.798841,Acme,ICP14B/1F04,Sed. Cor.,0.3,0.1
LR-0060A,CCG 716,-54.2963,-7.797114,Acme,ICP14B/1F04,Sed. Cor.,0.1,0.11
LR-0060B,CCH153,-54.2963,-7.797114,Acme,ICP14B/1F04,Sed. Cor.,0.2,0.11
LR-0061,CCG 717,-54.4318,-7.795392,Acme,ICP14B/1F04,Sed. Cor.,0.1,0.14
LR-0062,CCG 718,-54.0851,-7.791066,Acme,ICP14B/1F04,Sed. Cor.,0.3,0.05
LR-0063,CCG 719,-54.2281,-7.789188,Acme,ICP14B/1F04,Sed. Cor.,1,0.1
LR-0064,CCG 720,-53.8176,-7.791604,Acme,ICP14B/1F04,Sed. Cor.,1,0.05
LR-0065,CCG 721,-53.9085,-7.800642,Acme,ICP14B/1F04,Sed. Cor.,0.7,0.3
LR-0066,CCG 722,-53.8634,-7.800733,Acme,ICP14B/1F04,Sed. Cor.,0.6,0.09
LR-0067,CCG 723,-53.7381,-7.801304,Acme,ICP14B/1F04,Sed. Cor.,1.4,0.16
LR-0068,CCG 724,-54.4408,-7.813633,Acme,ICP14B/1F04,Sed. Cor.,1.7,0.52
LR-0069,CCG 725,-54.5614,-7.810492,Acme,ICP14B/1F04,Sed. Cor.,0.7,0.67
LR-0070A,CCG 726,-53.5029,-7.803305,Acme,ICP14B/1F04,Sed. Cor.,0.1,0.18
LR-0070B,CCH154,-53.5029,-7.803305,Acme,ICP14B/1F04,Sed. Cor.,<0.1,0.16
LR-0071,CCG 727,-53.4288,-7.804697,Acme,ICP14B/1F04,Sed. Cor.,0.1,0.1
LR-0072,CCG 728,-53.3008,-7.807478,Acme,ICP14B/1F04,Sed. Cor.,0.7,0.3
LR-0073,CCG 729,-53.2622,-7.808076,Acme,ICP14B/1F04,Sed. Cor.,0.4,0.42
LR-0075,CCG 730,-52.8872,-7.809652,Acme,ICP14B/1F04,Sed. Cor.,0.1,0.28
LR-0076,CCG 731,-52.6461,-7.802894,Acme,ICP14B/1F04,Sed. Cor.,2.1,0.17
LR-0077,CCG 732,-52.6263,-7.801717,Acme,ICP14B/1F04,Sed. Cor.,0.9,0.09
LR-0078,CCG 733,-52.9295,-7.801085,Acme,ICP14B/1F04,Sed. Cor.,1.3,0.18
LR-0079,CCG 734,-52.7859,-7.801525,Acme,ICP14B/1F04,Sed. Cor.,0.2,0.05
LR-0080A,CCG 735,-52.9295,-7.801087,Acme,ICP14B/1F04,Sed. Cor.,1,0.1
LR-0080B,CCH155,-52.9295,-7.801087,Acme,ICP14B/1F04,Sed. Cor.,1.4,0.11
LR-0081,CCG 736,-53.0548,-7.80032,Acme,ICP14B/1F04,Sed. Cor.,0.8,0.09
LR-0082,CCG 737,-53.0456,-7.799552,Acme,ICP14B/1F04,Sed. Cor.,1,0.11
LR-0083,CCG 738,-53.3058,-7.798411,Acme,ICP14B/1F04,Sed. Cor.,1.4,0.24
LR-0084,CCG 739,-53.2381,-7.798404,Acme,ICP14B/1F04,Sed. Cor.,0.1,0.05
MC-0001,CCG 740,-50.0118,-7.812937,Acme,ICP14B/1F04,Sed. Cor.,4.5,0.15
MC-0002,CCG 741,-50.471,-7.81376,Acme,ICP14B/1F04,Sed. Cor.,1,0.13
MC-0003,CCG 742,-50.4994,-7.81115,Acme,ICP14B/1F04,Sed. Cor.,1.2,0.09
MC-0004,CCG 743,-50.7257,-7.815495,Acme,ICP14B/1F04,Sed. Cor.,0.8,0.21
MC-0005,CCG 744,-50.5056,-7.810551,Acme,ICP14B/1F04,Sed. Cor.,1,0.24
MC-0006,CCG 745,-50.3727,-7.807553,Acme,ICP14B/1F04,Sed. Cor.,0.6,0.14
MC-0007,CCG 746,-50.5111,-7.808586,Acme,ICP14B/1F04,Sed. Cor.,1.1,0.14
MC-0008,CCG 747,-50.6936,-7.805465,Acme,ICP14B/1F04,Sed. Cor.,1.1,0.19
MC-0009,CCG 748,-50.8795,-7.811292,Acme,ICP14B/1F04,Sed. Cor.,0.7,0.15
MC-0010A,CCG 749,-50.7881,-7.813136,Acme,ICP14B/1F04,Sed. Cor.,1,0.15
MC-0010B,CCH156,-50.7881,-7.813136,Acme,ICP14B/1F04,Sed. Cor.,0.7,0.14
MC-0011,CCG 750,-50.1891,-7.795012,Acme,ICP14B/1F04,Sed. Cor.,0.1,0.07
MC-0012,CCG 751,-50.3069,-7.790746,Acme,ICP14B/1F04,Sed. Cor.,0.8,0.12
MC-0013,CCG 752,-50.523,-7.791885,Acme,ICP14B/1F04,Sed. Cor.,0.1,0.04
MC-0014,CCG 753,-50.579,-7.79803,Acme,ICP14B/1F04,Sed. Cor.,1.2,0.11
MC-0015,CCG 754,-50.5254,-7.798633,Acme,ICP14B/1F04,Sed. Cor.,0.7,0.07
MC-0016,CCG 755,-51.2698,-7.798218,Acme,ICP14B/1F04,Sed. Cor.,0.3,0.06
MC-0017,CCG 756,-50.9819,-7.797694,Acme,ICP14B/1F04,Sed. Cor.,0.1,0.02
MC-0018,CCG 757,-51.1295,-7.797381,Acme,ICP14B/1F04,Sed. Cor.,0.1,0.02
MC-0019,CCG 758,-50.0839,-7.803223,Acme,ICP14B/1F04,Sed. Cor.,1.1,0.12
MC-0020A,CCG 759,-50.4236,-7.803541,Acme,ICP14B/1F04,Sed. Cor.,1.8,0.16
MC-0020B,CCH157,-50.4236,-7.803541,Acme,ICP14B/1F04,Sed. Cor.,2,0.19
MC-0021,CCG 760,-50.5786,-7.80232,Acme,ICP14B/1F04,Sed. Cor.,1.8,0.19
MC-0022,CCG 761,-50.6873,-7.800772,Acme,ICP14B/1F04,Sed. Cor.,0.7,0.08
MC-0023,CCG 762,-51.1632,-7.801439,Acme,ICP14B/1F04,Sed. Cor.,0.1,0.06
MC-0024,CCG 763,-51.407,-7.79866,Acme,ICP14B/1F04,Sed. Cor.,0.2,0.09
MC-0025,CCG 764,-50.8247,-7.790695,Acme,ICP14B/1F04,Sed. Cor.,0.9,0.05
MC-0026,CCG 765,-50.7179,-7.792055,Acme,ICP14B/1F04,Sed. Cor.,0.3,0.06
MC-0027,CCG 766,-50.9916,-7.794111,Acme,ICP14B/1F04,Sed. Cor.,0.1,0.02
MC-0028,CCG 767,-51,-7.788671,Acme,ICP14B/1F04,Sed. Cor.,0.1,0.08
MC-0029,CCG 768,-51.094,-7.789758,Acme,ICP14B/1F04,Sed. Cor.,4,0.08
MC-0030A,CCG 769,-51.2762,-7.793475,Acme,ICP14B/1F04,Sed. Cor.,2.7,0.28
MC-0030B,CCH158,-51.2762,-7.793475,Acme,ICP14B/1F04,Sed. Cor.,0.9,0.08
MC-0031,CCG 770,-51.5754,-7.790727,Acme,ICP14B/1F04,Sed. Cor.,2.3,0.17
MC-0032,CCG 771,-50.9998,-7.806159,Acme,ICP14B/1F04,Sed. Cor.,3.1,0.13
MC-0033,CCG 772,-51.0746,-7.808822,Acme,ICP14B/1F04,Sed. Cor.,0.9,0.14
MC-0034,CCG 773,-51.1929,-7.812985,Acme,ICP14B/1F04,Sed. Cor.,0.8,0.21
MC-0035,CCG 774,-51.1917,-7.812441,Acme,ICP14B/1F04,Sed. Cor.,1.5,0.14
MC-0036,CCG 775,-51.2607,-7.809141,Acme,ICP14B/1F04,Sed. Cor.,1,0.08
MC-0037,CCG 776,-51.5936,-7.807614,Acme,ICP14B/1F04,Sed. Cor.,0.4,0.11
MC-0038,CCG 777,-51.0699,-7.789641,Acme,ICP14B/1F04,Sed. Cor.,0.9,0.09
MC-0039,CCG 778,-51.4797,-7.79441,Acme,ICP14B/1F04,Sed. Cor.,0.1,0.03
MC-0040A,CCG 779,-51.7178,-7.799184,Acme,ICP14B/1F04,Sed. Cor.,0.9,0.07
MC-0040B,CCH159,-51.7178,-7.799184,Acme,ICP14B/1F04,Sed. Cor.,0.8,0.06
MC-0041,CCG 780,-52.4454,-7.813769,Acme,ICP14B/1F04,Sed. Cor.,16.8,0.3
MC-0042,CCG 781,-52.4888,-7.81357,Acme,ICP14B/1F04,Sed. Cor.,21.1,0.21
MC-0043,CCG 782,-52.2681,-7.8145,Acme,ICP14B/1F04,Sed. Cor.,172.6,0.24
MC-0044,CCG 783,-52.0977,-7.815303,Acme,ICP14B/1F04,Sed. Cor.,59.2,0.23
MC-0045,CCG 784,-51.8341,-7.814496,Acme,ICP14B/1F04,Sed. Cor.,2.9,0.47
MC-0046,CCG 785,-51.9403,-7.813227,Acme,ICP14B/1F04,Sed. Cor.,2.5,0.38
MC-0047,CCG 786,-51.3364,-7.797812,Acme,ICP14B/1F04,Sed. Cor.,3.5,0.1
MC-0048,CCG 787,-51.666,-7.795038,Acme,ICP14B/1F04,Sed. Cor.,0.6,0.06
MC-0049,CCG 788,-51.7843,-7.793163,Acme,ICP14B/1F04,Sed. Cor.,0.9,0.1
MC-0050A,CCG 789,-51.8113,-7.793673,Acme,ICP14B/1F04,Sed. Cor.,1.5,0.1
MC-0050B,CCH160,-51.8113,-7.793673,Acme,ICP14B/1F04,Sed. Cor.,1.3,0.1
MC-0051,CCG 790,-51.1836,-7.808088,Acme,ICP14B/1F04,Sed. Cor.,1.1,0.09
MC-0052,CCG 791,-51.1727,-7.805337,Acme,ICP14B/1F04,Sed. Cor.,0.7,0.04
MC-0053,CCG 792,-51.3367,-7.802653,Acme,ICP14B/1F04,Sed. Cor.,1,0.07
MC-0054,CCG 793,-51.5623,-7.807434,Acme,ICP14B/1F04,Sed. Cor.,0.7,0.1
MC-0055,CCG 794,-52.0466,-7.813191,Acme,ICP14B/1F04,Sed. Cor.,3.9,0.32
MC-0056,CCG 795,-52.3678,-7.810399,Acme,ICP14B/1F04,Sed. Cor.,3.1,0.13
MC-0057,CCG 796,-52.1442,-7.809719,Acme,ICP14B/1F04,Sed. Cor.,2.4,0.33
MC-0058,CCG 797,-52.1732,-7.808142,Acme,ICP14B/1F04,Sed. Cor.,7.5,0.27
MC-0059,CCG 798,-52.2908,-7.805524,Acme,ICP14B/1F04,Sed. Cor.,2.5,0.28
MC-0060A,CCG 799,-52.1875,-7.804316,Acme,ICP14B/1F04,Sed. Cor.,1,0.07
MC-0060B,CCH161,-52.1875,-7.804316,Acme,ICP14B/1F04,Sed. Cor.,0.6,0.07
MC-0061,CCG 800,-52.1834,-7.803577,Acme,ICP14B/1F04,Sed. Cor.,0.8,0.05
MC-0062,CCG 801,-52.3651,-7.808627,Acme,ICP14B/1F04,Sed. Cor.,0.6,0.13
MC-0063,CCG 802,-52.4575,-7.807667,Acme,ICP14B/1F04,Sed. Cor.,1.4,0.24
MC-0064,CCG 803,-52.313,-7.801597,Acme,ICP14B/1F04,Sed. Cor.,0.1,0.07
MC-0065,CCG 804,-52.4114,-7.799243,Acme,ICP14B/1F04,Sed. Cor.,0.3,0.09
MC-0066,CCG 805,-52.4329,-7.796877,Acme,ICP14B/1F04,Sed. Cor.,0.4,0.11
MC-0067,CCG 806,-52.5036,-7.79795,Acme,ICP14B/1F04,Sed. Cor.,0.9,0.09
MC-0068,CCG 807,-52.5891,-7.796466,Acme,ICP14B/1F04,Sed. Cor.,0.1,0.12
MC-0069,CCG 808,-52.4925,-7.795264,Acme,ICP14B/1F04,Sed. Cor.,0.7,0.07
MC-0070A,CCG 809,-52.63,-7.793502,Acme,ICP14B/1F04,Sed. Cor.,0.1,0.08
MC-0070B,CCH162,-52.63,-7.793502,Acme,ICP14B/1F04,Sed. Cor.,0.3,0.07
MC-0071,CCG 810,-52.6058,-7.792264,Acme,ICP14B/1F04,Sed. Cor.,0.1,0.05
MC-0072,CCG 811,-52.4791,-7.790365,Acme,ICP14B/1F04,Sed. Cor.,1.8,0.13
MC-0073,CCG 812,-52.5003,-7.789845,Acme,ICP14B/1F04,Sed. Cor.,3.5,0.1
